Sheldon Cottrell,13.0,74.28,0.142857,0.0
Chaturanga de Silva,15.66,83.92,1.42857,0.0
Piyush Chawla,5.42,65.51,0.12,0.0
Aftab Ahmed,24.73,83.04,0.107947,0.164706
Owais Shah,30.56,78.67,0.0729301,0.183099
George Worker,34.0,71.76,0.0686016,0.3
Kaushal Lokuarachchi,14.0,80.15,0.0534351,0.047619
Mohammed Shami,8.73,86.18,0.253968,0.0
Mohammad Rizwan,33.57,89.58,0.0851334,0.15625
Shaheen Afridi,20.5,70.68,0.0689655,0.0
Andre Botha,19.58,68.65,1.7619,0.047619
Geert-Maarten Mol,12.5,46.29,0.0740741,0.0
Damien Ravu,2.0,27.27,0.0,0.0
Dilhara Lokuhettige,9.22,77.57,1.33333,0.0
Michael Hussey,48.15,87.16,2.5027,0.227027
David Hemp,33.73,70.28,3.40909,0.227273
Jan Stander,11.0,58.66,0.0533333,0.0
Asad Shafiq,24.74,67.5,0.0570995,0.15
Oshane Thomas,0.0,0.0,0.0,0.0
Najaf Shah,0.0,0.0,0.0,0.0
Evin Lewis,32.58,82.31,3.68571,0.142857
Zaheer Khan,12.0,73.46,0.0862709,0.0
Neil McKenzie,37.51,69.4,2.34375,0.1875
Rob Nicol,30.84,75.51,0.0850515,0.181818
Nuwan Pradeep,5.4,42.85,0.047619,0.0
Shivnarine Chanderpaul,41.6,70.74,0.0650387,0.261194
Ragheb Aga,16.66,71.77,0.076555,0.0833333
Tatenda Taibu,29.25,67.58,0.0531873,0.16
Quinton de Kock,45.56,95.81,0.125338,0.330189
Nuwan Zoysa,13.19,95.81,0.378947,0.0
Iftikhar Ahmed,4.0,25.8,0.5,0.0
Imran Nazir,24.61,81.01,3.37975,0.139241
Manish Pandey,36.66,91.85,1.78261,0.130435
Andrew Strauss,35.63,80.94,0.092204,0.259843
Mahbubul Alam,40.5,114.08,1.4,0.2
Akalanka Ganegama,3.5,77.77,0.111111,0.0
Praveen Kumar,13.9,88.21,0.470588,0.0147059
Dwight Basden,6.0,30.76,0.0,0.0
Avishka Fernando,24.16,92.35,0.133758,0.166667
Sunzamul Islam,19.0,79.16,0.125,0.0
Tawanda Mupariwa,8.4,56.92,0.0492308,0.0
Ajinkya Rahane,35.26,78.63,3.62222,0.3
Tharindu Kaushal,0.0,0.0,0.0,0.0
Colin de Grandhomme,29.53,110.47,0.13217,0.0357143
Shingi Masakadza,21.25,96.04,0.141243,0.0
Thilina Kandamby,29.0,69.6,1.82051,0.128205
Dougie Lockhart,24.22,63.92,0.857143,0.0
Nuwan Kulasekara,15.43,81.46,0.728261,0.0217391
Josh Davey,22.42,65.87,1.55172,0.0689655
Maurits van Nierop,35.0,71.42,0.102041,0.0
Abdul Jabbar,29.5,71.95,5.0,0.0
Aarif Sheikh,18.8,53.4,0.0397727,0.0
Imran Haider,8.28,42.64,0.0147059,0.0
Austin Richards,2.0,100.0,0.0,0.0
Akila Dananjaya,13.47,69.02,0.0658537,0.0294118
Mashrafe Mortaza,14.01,87.51,0.995215,0.00478469
Paul Hoffmann,7.72,123.18,0.777778,0.0
Junaid Siddiqui,13.4,46.52,0.0208333,0.0
Chris Martin,1.6,29.62,0.0,0.0
Kosala Kulasekara,12.66,52.77,0.0,0.0
Jimmy Hansra,23.38,58.06,0.0482759,0.0833333
Andri Berenger,20.5,67.43,2.6,0.2
Peter McGlashan,63.0,123.52,0.137255,0.25
Michael Mason,8.0,53.33,0.0666667,0.0
Craig Wright,16.0,68.37,0.95,0.0
Karim Janat,9.0,27.27,0.0,0.0
Lahiru Madushanka,4.66,53.84,0.5,0.0
Lendl Simmons,31.58,73.05,0.0791045,0.264706
Shaun Tait,12.5,86.2,0.114286,0.0
Ravindra Jadeja,29.92,84.23,1.27152,0.0662252
Sadeera Samarawickrama,22.0,87.41,2.83333,0.166667
Gurkeerat Singh Mann,6.5,100.0,0.666667,0.0
Brad Hodge,30.26,87.51,0.0958904,0.16
Hardik Pandya,29.24,116.58,0.133971,0.0888889
Fakhar Zaman,51.31,98.14,0.130305,0.388889
Taurai Muzarabani,3.0,30.0,0.125,0.0
Vikram Singh,8.0,61.53,0.0769231,0.0
Arshad Ali,13.5,52.94,1.5,0.0
Lionel Cann,26.81,117.06,0.14881,0.0384615
Junaid Siddique,23.0,68.22,0.0713063,0.12963
Matthew Hoggard,4.25,56.66,0.0,0.0
Anwar Ali,29.18,87.46,0.0980926,0.0
David Wiese,20.4,88.69,0.104348,0.0
Hamish Gardiner,23.81,66.16,3.0,0.181818
Chris Morris,19.65,97.27,0.108911,0.0294118
Usman Salahuddin,6.5,46.42,0.0,0.0
James Hopes,25.01,93.71,1.53571,0.0357143
Safyaan Sharif,14.0,72.96,0.0586319,0.0
Asad Ali,6.5,81.25,0.0625,0.0
Paul Stirling,36.76,87.84,0.114968,0.261261
Brandon Mavuta,13.0,110.63,0.857143,0.0
Kyle Coetzer,43.37,88.25,5.84615,0.326923
Ramnaresh Sarwan,42.67,75.74,0.0702075,0.237569
Brett Dorey,2.0,25.0,0.0,0.0
Dave Langford-Smith,15.77,106.76,0.105263,0.0
Dimitri Mascarenhas,22.27,95.33,0.0972763,0.05
Morne Morkel,9.24,75.7,0.0875706,0.0
Umar Amin,18.06,69.13,0.0765306,0.0625
Jeetan Patel,13.57,58.64,0.0432099,0.0
Peter Borren,22.31,85.37,1.77586,0.0862069
Mark Wood,9.0,88.23,0.0784314,0.0
Joe Mennie,0.5,25.0,0.0,0.0
Max Sorensen,20.83,80.64,0.0967742,0.0
Mudassar Bukhari,17.2,76.9,1.23913,0.0434783
Tanvir Ahmed,18.0,150.0,0.25,0.0
Elijah Otieno,4.9,36.02,0.0294118,0.0
Kevin O'Brien,31.02,89.1,0.10194,0.143885
Dogodo Bau,18.88,53.29,1.3,0.0
Ed Joyce,38.0,72.23,0.077135,0.269231
Murali Vijay,21.18,66.99,0.0711462,0.0588235
Michael Yardy,20.37,69.06,0.0444915,0.0714286
Nathan McCullum,20.98,87.7,1.21429,0.047619
Tim Southee,12.62,99.85,0.11791,0.00719424
Jeremy Gordon,3.5,25.0,0.0,0.0
VVS Laxman,30.76,71.23,2.62791,0.186047
Amit Mishra,5.37,52.43,0.0487805,0.0
Kusal Mendis,28.67,85.75,3.22222,0.253968
Blessing Mahwire,10.63,46.98,0.0281125,0.0
Upul Chandana,17.3,72.99,0.0583221,0.0340136
Manoj Tiwary,26.09,71.21,0.0669975,0.166667
James Pattinson,10.5,52.5,0.133333,0.0
Mark Vermeulen,22.25,70.74,0.0912795,0.139535
Junaid Khan,4.85,53.54,0.0657895,0.0
Lonwabo Tsotsobe,7.0,51.37,0.0733945,0.0
Jeffrey Vandersay,11.83,42.77,0.272727,0.0
Rashid Khan,22.8,101.26,0.119289,0.0677966
Jerome Taylor,8.42,86.06,0.4,0.0
Sean Terry,6.4,47.76,0.0447761,0.0
Mitchell Starc,12.72,89.45,0.4,0.0133333
Rayad Emrit,13.0,37.14,0.0285714,0.0
Johnson Charles,26.72,83.8,0.114304,0.125
Parth Desai,2.66,14.54,0.0,0.0
Herschelle Gibbs,36.13,83.26,0.108837,0.233871
Craig Ervine,31.28,74.67,0.0741935,0.181818
Daniel ter Braak,20.0,42.55,0.0212766,0.0
Christiaan Jonker,15.5,93.93,0.181818,0.0
Matt Prior,24.18,76.76,0.088024,0.0441176
Richmond Mutumbami,20.44,71.04,0.0836551,0.0967742
Mahela Jayawardene,33.37,78.96,2.66741,0.214286
Peter Forrest,26.28,65.59,2.53333,0.266667
Duncan Allan,14.2,46.4,1.4,0.0
Sabbir Rahman,25.93,91.51,2.67213,0.0983607
Rizwan Cheema,24.64,111.53,0.185401,0.181818
Hilton Cartwright,1.0,8.69,0.0,0.0
Vernon Philander,12.58,70.89,0.466667,0.0
Shem Ngoche,7.55,57.14,0.357143,0.0
Chris Read,17.64,73.17,0.0658537,0.0
Bazid Khan,26.2,56.46,0.0344828,0.4
Nathan Coulter-Nile,12.83,81.05,0.0736842,0.0
Dhiren Gondaria,3.5,15.55,0.0,0.0
Faf du Plessis,46.54,88.53,0.0900916,0.320896
Ravichandran Ashwin,16.07,86.98,0.585586,0.00900901
Rumman Raees,9.0,112.5,0.208333,0.0
Wiaan Mulder,14.8,83.14,1.1,0.0
Adam Zampa,7.07,63.46,0.159091,0.0
Nasir Aziz,27.33,65.6,0.088,0.2
Darren Bravo,31.33,70.04,0.0742673,0.196262
Farhaan Behardien,30.68,97.9,0.094804,0.101695
Reeza Hendricks,26.76,76.98,2.66667,0.166667
Dean Elgar,17.33,58.75,0.75,0.0
Henry Davids,4.0,33.33,0.0,0.0
Kyle Abbott,8.44,60.31,0.047619,0.0
Kevin Pietersen,40.73,86.58,0.0982839,0.25
Justin Ontong,13.14,68.91,0.071161,0.0
Usman Limbada,18.9,66.54,0.0704225,0.0909091
Sese Bau,21.37,62.98,0.0607735,0.0588235
Brad Hogg,20.25,78.68,0.0458167,0.0162602
John Anderson,18.87,56.55,0.071161,0.0
Soumya Sarkar,36.67,99.93,0.141689,0.272727
Collins Obuya,25.55,68.56,1.82692,0.105769
Mohammad Sharif,13.25,51.96,0.00980392,0.0
Dom Joyce,9.66,51.78,0.0714286,0.0
Rohit Paudel,21.5,77.47,2.25,0.25
Rangana Herath,9.33,64.51,0.0552995,0.0
Mustafizur Rahman,9.5,50.44,0.0530973,0.0
Charl Langeveldt,6.63,58.87,0.0645161,0.0
John Davison,26.63,104.17,0.147327,0.1875
Murali Kartik,14.0,70.78,0.0617978,0.0
Craig Young,5.0,62.5,0.09375,0.0
Jade Dernbach,2.71,48.71,0.025641,0.0
Nicholas Ifill,5.33,35.55,0.0444444,0.0
Najeeb Tarakai,5.0,27.77,0.0,0.0
Seren Waters,20.95,55.79,2.5,0.1
Andy McBrine,17.0,72.85,0.0571429,0.025641
Glen Chapple,14.0,200.0,0.285714,0.0
Mohammad Ashraful,22.23,70.1,0.0774207,0.129944
Shoaib Akhtar,8.95,73.23,0.0724907,0.0
Saleem Mukuddem,23.64,50.92,1.5,0.05
Hasan Ali,13.16,106.27,0.125561,0.0408163
Rishi Dhawan,12.0,92.3,0.333333,0.0
Fabian Allen,6.4,52.45,0.571429,0.0
George Bailey,40.58,83.51,3.1,0.277778
Kuldeep Yadav,12.5,58.47,0.0467836,0.0
Phil Eaglestone,4.0,133.33,0.333333,0.0
Jhye Richardson,13.6,80.95,0.047619,0.0
Krishna Chandran,16.75,48.9,0.0474453,0.0
Asif Ali,31.09,131.03,2.5,0.1875
Angelo Mathews,42.03,83.28,2.47549,0.191176
Trevin Bastiampillai,13.46,58.13,0.0930233,0.0
Craig McMillan,28.18,75.94,0.0737335,0.15736
Kieran Powell,22.84,78.63,0.101721,0.195652
Ajmal Shahzad,6.5,65.0,0.272727,0.0
Shahzaib Hasan,33.33,88.49,5.0,0.333333
David Bernard,14.1,64.38,0.0456621,0.0
Hamish Rutherford,3.75,26.78,0.5,0.0
Jehan Mubarak,22.7,63.13,1.675,0.1
Mohammad Mithun,32.3,76.64,0.0821168,0.222222
Abu Hider,1.0,9.09,0.0,0.0
Tim Murtagh,7.75,63.05,0.327273,0.0
Marcus Stoinis,38.52,93.49,0.107767,0.212121
Sean Williams,34.09,82.4,0.0759935,0.253968
Treadwell Gibbons,16.5,33.67,0.0306122,0.0
Barry McCarthy,7.85,54.72,0.333333,0.0
Matthew Wade,25.75,82.11,1.6383,0.117021
Andile Phehlukwayo,32.0,91.62,0.121145,0.0232558
Piet Rinke,17.61,83.86,0.113757,0.166667
Danish Kaneria,6.0,54.54,0.0454545,0.0
Ehsan Nawaz,5.0,34.48,0.166667,0.0
BJ Watling,24.91,68.37,0.0727924,0.178571
Shaun Pollock,26.45,86.69,0.075388,0.049505
Andre Russell,28.51,130.45,0.189542,0.0769231
Kevin Sandher,5.83,32.71,0.0,0.0
Tom Heggelman,5.4,31.76,0.0,0.0
Ajit Agarkar,14.58,80.62,0.0794155,0.0157068
Wayne Parnell,21.16,78.39,0.0725309,0.0153846
Steven Outerbridge,14.6,54.9,1.3913,0.0434783
Scott Borthwick,9.0,112.5,1.0,0.0
Amila Aponso,3.33,22.22,0.0,0.0
Rilee Rossouw,38.71,94.36,4.25,0.277778
Ahmed Raza,12.88,55.5,0.0550239,0.04
Pat Cummins,11.43,70.38,0.0692308,0.0
Kwame Tucker,9.5,38.61,1.16667,0.0
Charles Amini,21.0,65.96,0.0732984,0.142857
Fred Klaassen,12.0,52.17,0.0217391,0.0
Carl Mumba,3.0,42.85,0.0,0.0
Umar Akmal,34.34,86.04,0.0864763,0.181818
Iftikhar Anjum,15.6,61.9,0.047619,0.0
Liam Roche,2.0,40.0,0.0,0.0
Adnan Akmal,20.66,69.66,0.0337079,0.0
Dylan Budge,11.0,122.22,0.111111,0.0
S Badrinath,15.8,45.93,0.571429,0.0
Munir Dar,9.0,112.5,2.0,0.0
Shuvagata Hom,35.0,81.39,2.25,0.0
Daryl Tuffey,9.51,79.3,0.0806452,0.0
Keshav Maharaj,12.5,96.15,1.0,0.0
Nawroz Mangal,27.11,75.33,0.0833333,0.122449
Isuru Udana,41.66,122.54,0.166667,0.166667
Farveez Maharoof,19.52,86.01,1.04587,0.0183486
Irfan Karim,44.0,75.86,0.0747126,0.333333
Andre Fletcher,14.16,64.48,0.0892532,0.08
Haris Sohail,47.14,83.12,3.67647,0.352941
Tim Paine,27.81,70.8,2.91429,0.171429
Arvind Kandappah,97.0,62.17,3.5,0.5
Peter Handscomb,34.88,98.58,0.0816327,0.238095
Morris Ouma,20.84,59.44,0.0574257,0.0875
Natsai M'shangwe,7.6,84.44,0.111111,0.0
Yasir Hameed,36.87,66.95,0.0742819,0.267857
Paul Mooney,12.0,133.33,0.25,0.0
Al-Amin Hossain,2.0,20.0,0.0,0.0
Michael Clarke,44.58,78.98,0.071061,0.269388
Simandeep Singh,0.0,0.0,0.0,0.0
Malinga Bandara,12.3,71.42,0.419355,0.0
Marcus Trescothick,37.37,85.21,0.111854,0.268293
Fiqre Crockwell,34.0,65.38,0.0961538,0.0
Samit Patel,32.13,93.23,0.0947776,0.0277778
Hashmatullah Shahidi,34.6,65.62,0.0538695,0.225806
James Anderson,7.58,48.66,0.0409982,0.0
Waqas Khan,16.75,48.9,0.0218978,0.0
Naumanullah,5.0,125.0,0.25,0.0
Michael Vandort,48.0,41.02,0.025641,0.0
Kasun Rajitha,0.0,0.0,0.0,0.0
Shadab Khan,29.4,65.04,0.0442478,0.0882353
Ishant Sharma,4.8,35.46,0.0295567,0.0
Waqas Barkat,12.75,55.43,1.0,0.0
Mohammad Hafeez,32.95,76.19,3.55714,0.228571
Andrew Flintoff,32.01,88.82,0.104946,0.148936
Temba Bavuma,80.5,94.7,0.111765,0.5
Shane Harwood,0.0,0.0,0.0,0.0
Sohag Gazi,15.33,86.38,0.103286,0.0
Mahuru Dai,28.37,77.6,0.0905983,0.166667
Michael Rippon,23.66,63.39,0.666667,0.166667
Sarfaraz Ahmed,34.88,88.18,0.0721094,0.113208
Austin Codrington,5.87,51.08,0.0543478,0.0
Abdul Razzaq,29.7,81.25,1.90943,0.0981132
Eoin Morgan,39.64,90.38,0.100402,0.256757
Naeem Islam,27.08,66.19,0.065852,0.0847458
Craig Cumming,13.41,53.48,1.53846,0.0
Shaminda Eranga,11.33,53.12,0.210526,0.0
Shafiul Islam,6.3,57.01,0.0678733,0.0
Mark Boucher,28.57,84.76,0.0794139,0.0915254
Mohammad Rafique,13.38,71.61,0.0835839,0.016
Dhiman Ghosh,14.0,62.68,0.0497512,0.0
Sharad Vesawkar,4.0,26.66,0.0,0.0
Chanaka Welegedara,4.0,44.44,0.0,0.0
Irving Romaine,25.25,64.07,2.91429,0.142857
Gavin Hamilton,35.17,66.64,2.78947,0.236842
Hiral Patel,21.27,80.13,0.109589,0.0869565
Jai Prakash Yadav,20.25,65.85,0.097561,0.0833333
Tim Bresnan,19.79,90.25,0.0974093,0.0117647
Fawad Alam,40.25,74.47,0.0501157,0.184211
Lou Vincent,27.11,69.88,0.0750072,0.137255
Michael Leask,23.31,109.92,0.136476,0.0967742
Ben Duckett,41.0,80.92,0.0723684,0.666667
Keith Dabengwa,19.03,60.39,1.08108,0.0
Imad Wasim,40.94,107.6,0.116183,0.108696
Jean-Paul Duminy,37.38,84.39,0.0695652,0.159794
Xavier Doherty,14.42,54.89,0.1,0.0
Majid Haq,16.64,60.79,1.25926,0.0555556
Babar Azam,51.67,85.96,0.0797238,0.328125
Richard Ngarava,2.8,46.66,0.0333333,0.0
Timycen Maruma,11.52,59.39,0.0606061,0.0
Peter Chase,3.5,62.5,0.0714286,0.0
Jacob Oram,24.09,86.61,0.0935943,0.0875
Adnan Mufti,27.5,80.68,0.0684597,0.0555556
Mohammad Salman,11.0,56.41,0.285714,0.0
James Neesham,30.75,105.07,2.44898,0.102041
Marlon Samuels,32.97,75.11,0.0862924,0.193237
Yusuf Pathan,27.0,113.6,0.147265,0.0877193
Calvert Hooper,16.33,81.66,1.6,0.0
Luke Jongwe,14.75,77.88,0.0825083,0.0
Hamish Bennett,5.0,28.57,0.0,0.0
John Nyumbu,4.6,51.68,0.0224719,0.0
George Codrington,19.58,63.17,0.0672043,0.0
Karun Nair,23.0,52.27,0.0681818,0.0
Shahadat Hossain,7.9,52.31,0.0529801,0.0
Billy Stelling,30.0,66.17,0.0367647,0.0
Lahiru Thirimanne,35.17,71.7,2.16102,0.20339
Ryan McLaren,18.65,71.32,0.0705882,0.0185185
James Hall,9.33,37.33,0.04,0.0
Kagiso Rabada,14.35,76.42,0.0760456,0.0
Jason Holder,26.23,93.57,0.0945303,0.0842105
Sajid Mahmood,7.72,84.15,0.0891089,0.0
Tinashe Kamunhukamwe,18.5,75.51,0.102041,0.0
Malcolm Waller,19.07,76.81,0.0866382,0.0632911
Brendan Nash,26.0,73.75,0.0851064,0.0
Josephat Ababu,9.66,46.03,0.333333,0.0
Khurram Chohan,12.69,57.89,0.045614,0.0
Mohammad Talha,0.0,0.0,0.0,0.0
Dwayne Bravo,25.36,82.3,0.08264,0.0731707
Lakshan Sandakan,4.42,35.63,0.0114943,0.0
Prasanna Jayawardene,5.4,61.36,0.0681818,0.0
Qasim Sheikh,10.5,45.0,0.0428571,0.0
Hitesh Modi,23.59,58.18,0.0508919,0.0793651
Shakib Al Hasan,35.73,81.55,2.79798,0.247475
Steven Finn,8.0,60.98,0.202899,0.0
Gregory Strydom,14.7,65.33,0.0888889,0.0833333
Wesley Barresi,34.64,75.17,3.3,0.233333
Yamin Ahmadzai,3.0,15.78,0.0,0.0
Samiullah Shinwari,28.47,64.98,0.0591096,0.135802
Jamie Dalrymple,19.48,72.47,0.0520833,0.0740741
Makhaya Ntini,8.65,66.77,0.0738255,0.0
D'Arcy Short,27.66,83.83,0.0808081,0.0
Roston Chase,21.18,71.47,0.0429448,0.0625
Nasir Hossain,29.11,79.81,1.95385,0.107692
Brendan Taylor,35.79,76.14,0.0782931,0.244681
Mark Gillespie,15.5,78.81,0.0762712,0.0
Shapoor Zadran,6.7,41.87,0.05,0.0
Alviro Petersen,28.0,82.62,0.0934426,0.190476
Dwayne Smith,18.57,92.69,0.1224,0.0761905
Nathan Bracken,11.7,70.56,0.0531915,0.0
Trent Boult,9.6,75.78,0.1,0.0
Jamie How,29.05,66.53,0.0788804,0.195122
Tapash Baisya,12.0,58.33,0.535714,0.0
Nehemiah Odhiambo,12.0,71.64,0.0800543,0.0144928
Malachi Jones,11.3,75.83,1.08333,0.0
Jeevan Mendis,19.9,85.93,1.07273,0.0181818
Sohail Tanvir,13.75,87.11,0.10917,0.016129
Graham Onions,1.0,50.0,0.0,0.0
Ray Price,9.66,57.91,0.352941,0.0
Tamim Iqbal,36.26,78.11,0.0952325,0.295337
Aaron Phangiso,7.36,50.0,0.0308642,0.0
Fayyaz Ahmed,47.0,47.0,0.06,0.0
Gulbadin Naib,21.84,71.24,0.072103,0.0909091
Kesrick Williams,19.0,70.37,0.125,0.0
Prosper Utseya,16.73,58.34,0.0435685,0.0243902
Umesh Yadav,7.9,58.95,0.0671642,0.0
Regis Chakabva,18.15,58.89,0.0452311,0.0263158
Shahriar Nafees,31.44,69.49,0.0896748,0.226667
Paul Nixon,21.21,85.59,0.0806916,0.0
Sompal Kami,36.5,89.02,0.103659,0.166667
Boyd Rankin,6.53,43.14,0.0203046,0.0
Shahid Afridi,23.57,117.0,2.71608,0.113065
Anshy Rath,51.75,76.66,0.0740741,0.444444
Sulieman Benn,7.91,75.83,0.0916667,0.0
Gary Brent,12.0,58.45,0.0429799,0.0142857
Con de Lange,20.5,61.5,0.035,0.0
Naved-ul-Hasan,15.87,84.51,0.72973,0.0
Gulam Bodi,41.5,62.87,0.0757576,0.5
George Munsey,31.33,80.47,3.55556,0.111111
AB de Villiers,53.5,101.09,0.110208,0.342105
Veerasammy Permaul,6.33,73.07,0.142857,0.0
Sami Aslam,19.5,66.66,2.25,0.0
Norman Vanua,19.77,102.89,0.104046,0.0
Nosaina Pokana,2.25,24.32,0.0,0.0
Gary Kidd,15.0,60.0,0.08,0.0
Greg Thompson,1.0,9.52,0.0,0.0
Ashish Nehra,5.64,57.31,0.0609756,0.0
Simon Katich,35.78,68.74,0.0737279,0.222222
Raees Ahmadzai,29.33,64.23,1.6,0.0
Ryan Steede,11.66,49.29,1.125,0.0
Callum Ferguson,41.43,85.32,2.13333,0.166667
Hiren Varaiya,12.0,51.53,0.190476,0.0
Graeme Smith,37.98,80.81,0.0962072,0.28934
Mohammad Amir,19.55,81.86,0.0906977,0.0392157
Kane Richardson,10.0,90.9,0.3,0.0
Scott Cameron,9.0,69.23,0.0,0.0
Kyle Jarvis,7.52,59.39,0.409091,0.0
Avishka Gunawardene,28.46,71.49,3.52459,0.213115
Kirk Edwards,23.64,67.0,0.0607287,0.0625
Mominul Haque,22.28,74.36,0.0814419,0.107143
Jason Kila,17.0,87.17,2.5,0.0
Mosharraf Hossain,6.5,34.66,0.0,0.0
Karun Jethi,43.5,110.12,0.164557,0.0
Neville Madziva,7.44,48.55,0.0434783,0.0
Doug Bollinger,8.33,92.59,0.128205,0.0
Javed Omar,23.85,51.89,0.056962,0.169492
Izatullah Dawlatzai,3.5,25.92,0.037037,0.0
Tafadzwa Kamungozi,5.4,49.09,0.0909091,0.0
Clint McKay,9.04,56.37,0.288136,0.0
Adam Milne,16.8,101.81,0.0909091,0.0
Nazmul Hossain,4.37,27.34,0.0,0.0
Danza Hyatt,14.0,59.57,0.0744681,0.0
Henry Nicholls,35.48,85.04,0.0809917,0.219512
Mal Loye,20.28,77.17,0.130435,0.0
Anderson Cummins,13.5,82.93,0.0648464,0.0
Balaji Rao,7.37,66.29,0.0561798,0.0
Morne van Wyk,26.56,68.88,3.05882,0.235294
Shahid Wasif,11.57,49.69,0.0552147,0.0
Ian Nicolson,7.0,63.63,0.5,0.0
James Shannon,2.0,25.0,0.0,0.0
Sohaib Maqsood,31.95,83.42,0.0839955,0.192308
Hiri Hiri,13.0,39.39,1.0,0.0
Rajesh Bhudia,24.4,98.38,0.137097,0.0
Bas de Leede,15.0,48.38,0.0322581,0.0
Jasprit Bumrah,3.6,42.85,0.0612245,0.0
Johan Botha,19.03,85.77,0.0830986,0.0
Azhar Ali,36.9,74.45,0.0734463,0.283019
Nasir Jamal,27.07,65.54,0.0484171,0.1875
Nizel Fernandes,5.0,38.46,0.0,0.0
Jason Mohammed,23.95,69.3,1.96429,0.142857
Luke Ronchi,23.67,114.5,0.157377,0.0588235
Moneeb Iqbal,24.0,53.33,0.0388889,0.0769231
Farhad Reza,16.48,64.77,0.0738994,0.0294118
Mohammad Boota,23.87,75.79,0.0753968,0.111111
Ambati Rayudu,47.05,79.04,0.0816612,0.236364
Shahzad Khan,4.0,33.33,0.0,0.0
Andrew White,18.04,62.83,0.0493927,0.0163934
Lucas Oluoch,6.0,100.0,0.166667,0.0
Moises Henriques,9.0,68.06,0.636364,0.0
Milinda Siriwardana,23.31,98.46,2.0,0.115385
Abdullah Mazari,3.0,18.75,0.0,0.0
Adil Rashid,20.11,101.3,0.123134,0.0113636
Mohammed Qasim,18.8,50.0,0.0531915,0.0
Mehidy Hasan,20.78,71.85,0.0740741,0.0357143
Daniel Vettori,17.33,82.98,0.0699816,0.0135593
Mohammad Iqbal,10.8,67.5,1.8,0.0
Nathan Astle,34.92,72.64,0.082582,0.255605
Matthew Parker,9.83,56.73,0.0384615,0.0
Zafar Gohar,15.0,100.0,0.0666667,0.0
Lungi Ngidi,20.0,72.72,0.277778,0.0
Mohammad Irfan,4.0,32.21,0.116667,0.0
Abdul Shakoor,18.0,52.94,0.0490196,0.0
Prince Masvaure,20.0,66.66,0.0333333,0.0
Ashton Agar,20.57,86.74,0.108434,0.0
Irfan Sajid,2.0,40.0,0.0,0.0
Andrew Hall,21.04,75.04,0.0829187,0.0340909
Harvir Baidwan,14.66,64.89,0.0383481,0.0
Travis Dowlin,25.33,65.51,0.0603448,0.181818
Nigel Jones,14.8,72.54,0.0196078,0.0
Ashish Bagai,37.76,65.57,0.0634391,0.290323
Ricky Ponting,42.03,80.39,0.0817201,0.298667
Alexei Kervezee,28.0,73.15,0.0831354,0.102564
Rameez Shahzad,53.15,84.57,0.0905753,0.4
Eion Katchay,11.5,56.09,0.0,0.0
Usman Mushtaq,3.0,42.85,0.0,0.0
Solomon Mire,21.04,81.09,0.0976702,0.0930233
Anton Devcich,17.72,77.07,2.08333,0.0833333
Shaheed Keshvani,10.5,55.26,0.0,0.0
Hamilton Masakadza,28.16,73.56,0.0870307,0.191176
Faisal Hossain,10.75,47.25,0.666667,0.0
Gary Ballance,21.21,67.04,0.0496614,0.125
Zubin Surkari,17.26,50.0,0.0472561,0.0
Khurram Manzoor,33.71,62.93,0.056,0.428571
Xavier Marshall,17.54,69.67,0.0956679,0.04
Muhammad Usman,24.72,76.1,0.0812808,0.0740741
Lionel Baker,6.5,56.52,0.0869565,0.0
Azhar Mahmood,18.1,76.5,1.0,0.020979
Daren Ganga,25.54,59.61,0.0537482,0.257143
Vinoo Tewarie,4.0,18.18,0.0,0.0
Chris Lonsdale,4.0,14.28,0.0,0.0
Umar Bhatti,17.18,73.68,0.0662768,0.0
Usman Khawaja,44.21,83.08,4.25806,0.387097
Freddie Coleman,15.07,61.33,1.375,0.0625
Chris Woakes,26.3,90.14,1.03409,0.0454545
Alawi Shukri,1.0,33.33,0.0,0.0
Rubel Hossain,4.73,54.42,0.14433,0.0
Usman Shinwari,2.0,85.71,0.142857,0.0
Tom Curran,44.5,107.22,1.29412,0.0
Albie Morkel,23.69,100.25,0.123077,0.0344828
Ruchira Perera,1.6,44.44,0.0,0.0
Mosaddek Hossain,33.91,84.79,0.104167,0.0769231
Neil McCallum,27.83,69.05,2.65116,0.139535
Ryan Burl,14.0,60.6,0.047619,0.0
Jason Patraj,10.5,43.75,0.5,0.0
Phillip Hughes,35.91,75.09,3.84,0.24
Berend Westdijk,0.5,16.66,0.0,0.0
Salman Butt,36.82,76.28,0.0979843,0.282051
Rassie van der Dussen,88.25,75.58,0.0620985,0.444444
Shane Watson,40.54,90.44,3.68947,0.221053
Hamza Tariq,16.57,73.88,0.10828,0.142857
Sandun Weerakkody,24.33,110.6,0.151515,0.333333
Ihsanullah,21.92,69.77,0.1,0.1875
Heinrich Klaasen,22.81,86.25,2.28571,0.0714286
Laxman Sreekumar,15.25,83.56,0.164384,0.0
Aaron Finch,39.33,88.16,4.58716,0.311927
Matt Machan,33.36,77.1,3.0,0.173913
Mark Cosgrove,37.33,96.55,0.12069,0.333333
Wavell Hinds,28.51,65.55,0.0707944,0.159664
Haninder Dhillon,7.0,40.0,0.0857143,0.0
Damodar Daesrath,31.66,69.34,0.0948905,0.0
Kemar Roach,13.33,53.74,0.049904,0.0
Lockie Ferguson,8.28,48.73,0.0252101,0.0
Shimron Hetmyer,40.86,110.3,0.120245,0.24
Dominic Wesonga,20.33,56.48,1.25,0.0
James Tredwell,11.64,67.35,0.053719,0.0
Rahmat Shah,36.38,70.83,0.0661947,0.295082
Vaughn van Jaarsveld,4.5,60.0,0.0,0.0
Irfan Pathan,23.39,79.54,0.0922205,0.0416667
Angelo Perera,13.0,67.24,0.0517241,0.0
Mohammad Naveed,16.54,122.91,0.188854,0.0
Brad Haddin,31.53,84.24,0.0990286,0.142857
Peter Gillespie,0.5,14.28,0.0,0.0
Shaiman Anwar,31.25,82.53,0.0974949,0.3
Leon Johnson,16.33,56.0,2.0,0.166667
Dilruwan Perera,12.66,76.38,0.080402,0.0
Sunil Ambris,105.33,105.33,0.13,0.333333
Ankur Vasishta,12.0,52.17,0.0144928,0.0
Craig Wallace,18.3,95.31,0.101562,0.125
David Obuya,19.35,63.46,0.076815,0.0810811
Virender Sehwag,35.05,104.33,0.159919,0.211155
Sanjayan Thuraisingam,6.42,41.66,0.0555556,0.0
Marcus North,3.0,31.57,0.0,0.0
Fazle Mahmud,0.0,0.0,0.0,0.0
Greg Lamb,17.9,51.7,0.0183727,0.0
Steven Davies,30.5,105.62,4.5,0.125
Shane Snater,6.0,85.71,0.0714286,0.0
Anthony Martin,10.0,34.48,0.0,0.0
Naman Ojha,1.0,14.28,0.0,0.0
Joe Root,50.47,87.15,0.076961,0.333333
Varun Aaron,8.0,53.33,0.0666667,0.0
Sikandar Raza,33.98,80.92,0.0871943,0.173913
Chris Cairns,29.46,84.26,0.0847804,0.139535
Sachith Pathirana,25.53,86.68,2.11111,0.0555556
Sharafuddin Ashraf,8.83,63.09,0.266667,0.0
Aftab Alam,13.2,69.47,0.0947368,0.0
Sharjeel Khan,32.48,113.4,0.184358,0.28
Chris Tremain,23.0,62.16,0.75,0.0
Asif Iqbal,8.0,100.0,0.25,0.0
Javed Ahmadi,24.89,76.21,0.100471,0.166667
Mirwais Ashraf,14.33,71.27,0.0699816,0.0217391
Amjad Javed,19.91,89.51,0.134831,0.0666667
Matthew Cross,23.8,77.71,0.0889796,0.111111
Gurdeep Singh,1.0,4.34,0.0,0.0
Jonathan Trott,51.25,77.06,0.0598688,0.382353
Michael Chinouya,6.0,75.0,0.125,0.0
Kyle Hodsoll,2.0,28.57,0.0,0.0
Stuart Meaker,1.0,12.5,0.0,0.0
Rohan Mustafa,21.35,68.17,0.0782698,0.0645161
Ryan Murray,27.0,60.67,0.0449438,0.0
Darron Reekers,25.31,117.03,4.57895,0.0526316
Tanmay Mishra,34.18,73.53,0.059322,0.190476
Hammad Azam,16.0,61.06,0.636364,0.0
Mark Watt,17.25,78.4,0.0681818,0.0
Amir Hamza,3.28,24.46,0.0106383,0.0
Iain Wardlaw,3.5,52.5,0.0909091,0.0
Dawlat Zadran,20.08,79.68,0.0936508,0.0
Tom Sole,9.25,127.58,0.857143,0.0
Justin Kemp,31.5,83.12,0.0868609,0.129412
Carlton Baugh,20.08,67.03,0.0611961,0.0
Shaun Udal,11.66,76.08,0.0909091,0.0
Omer Hussain,9.0,44.05,0.75,0.0
Dinesh Chandimal,32.42,74.12,1.94521,0.178082
Tyson Gordon,5.4,45.76,0.0338983,0.0
Corey Anderson,27.72,108.72,0.138235,0.102041
Henk-Jan Mol,8.37,36.61,0.0273224,0.0
Cameron McAuslan,17.5,48.61,2.0,0.0
Ajantha Mendis,8.17,71.48,0.206897,0.0
Mathew Sinclair,28.34,62.51,0.0560882,0.185185
Devon Smith,24.62,70.31,2.53191,0.12766
Kraigg Brathwaite,27.8,57.55,0.0310559,0.1
Phil Jaques,20.83,71.02,0.0965909,0.166667
Ian Bradshaw,12.47,59.79,0.354839,0.0
Bilawal Bhatti,14.83,118.66,0.16,0.0
Aiden Markram,29.58,88.4,0.119508,0.111111
Dale Richards,25.57,71.31,0.0956175,0.25
David Miller,38.96,100.86,0.103901,0.141667
Patrick Browne,33.5,74.86,0.0726257,0.0
Don Maxwell,27.66,69.74,0.0714286,0.1
Tino Mawoyo,8.28,36.25,0.571429,0.0
Sachin Tendulkar,44.83,86.23,4.77538,0.313175
Ryan Higgins,2.5,23.8,0.0,0.0
Nikita Miller,20.28,79.1,0.0752089,0.02
Dirk Nannes,1.0,50.0,0.0,0.0
Mushfiqur Rahim,34.95,78.16,2.55122,0.190244
Carlos Brathwaite,14.4,86.06,1.18182,0.030303
Keemo Paul,16.42,75.65,0.818182,0.0
KL Rahul,34.3,80.89,2.21429,0.214286
Devendra Bishoo,10.93,62.35,0.0684411,0.0
Ashok Dinda,4.2,58.33,0.0277778,0.0
Liam Plunkett,19.46,99.31,0.107143,0.0121951
Tushar Imran,14.35,59.17,1.65854,0.0487805
Sunil Narine,11.0,82.31,0.108844,0.0
Moeen Ali,26.01,103.74,2.14583,0.0833333
Glenn Rogers,16.2,47.92,0.769231,0.0
Danushka Gunathilaka,32.41,84.7,3.47222,0.25
Elton Chigumbura,25.23,80.02,0.0827955,0.0985916
Suranga Lakmal,8.68,58.49,0.219512,0.0
Rikki Clarke,11.07,62.06,0.0560345,0.0
Lega Siaka,20.7,82.24,0.102804,0.117647
Nathan Lyon,23.0,94.52,0.123288,0.0
Junior Dala,8.0,133.33,0.5,0.0
Ryan Sidebottom,13.3,68.55,0.056701,0.0
Nurul Hasan,34.0,97.14,3.0,0.0
Neil Kruger,19.5,52.0,1.5,0.0
Janeiro Tucker,19.84,68.31,2.46154,0.0384615
Luke Wright,20.2,86.21,0.0987805,0.04
Suraj Randiv,17.5,73.29,0.935484,0.0322581
Skhawat Ali,11.5,42.2,1.75,0.0
Denesh Ramdin,25.0,80.35,0.0715851,0.0719424
Amir Hayat,10.33,42.46,0.0273973,0.0
David Willey,18.6,82.3,0.0855457,0.0217391
Vani Morea,26.08,68.04,0.0608696,0.230769
Mitchell McClenaghan,27.0,78.26,0.270833,0.0
Najeeb Amar,12.66,59.37,1.5,0.0
Hasan Durham,8.75,33.33,0.0190476,0.0
Andy Balbirnie,31.44,74.63,0.0795604,0.196721
Ish Sodhi,6.2,73.8,0.0714286,0.0
Jason Krejza,13.0,56.52,0.0,0.0
Jamie Atkinson,27.77,62.81,0.0753769,0.111111
Afsar Zazai,17.6,54.09,0.0307377,0.117647
Vikram Solanki,26.75,72.93,2.78431,0.137255
Friday Kasteni,6.0,42.85,0.0238095,0.0
Ashley Nurse,19.28,98.97,0.106776,0.0
Martin Suji,8.23,46.95,0.171875,0.0
Abul Hasan,3.66,68.75,0.0625,0.0
Marvan Atapattu,37.57,67.72,2.79478,0.261194
Donald Tiripano,15.3,57.84,0.0581395,0.0
Colin Ingram,32.42,82.32,0.0898438,0.193548
Trent Johnston,19.55,94.64,0.0904459,0.0
Roelof van der Merwe,9.75,95.12,0.121951,0.0
Alok Kapali,19.6,67.96,0.0610897,0.0869565
Glenn Blakeney,36.0,104.34,0.130435,0.0
Usman Ghani,27.4,79.03,0.0903846,0.2
Mahmudullah,34.15,76.08,1.98857,0.131429
Faisal Iqbal,22.42,60.5,0.0539499,0.0555556
Stewart Heaney,10.25,44.56,0.0543478,0.0
Ruvindu Gunasekera,23.94,67.2,0.0753324,0.315789
Liam Dawson,7.0,82.35,0.333333,0.0
Syed Rasel,5.06,43.78,0.0378378,0.0
Delyone Borden,14.0,50.25,0.0461538,0.0
Tanwir Afzal,18.25,114.5,0.141176,0.05
Neil MacRae,5.0,27.77,0.0277778,0.0
Tony Ura,29.05,79.0,0.081571,0.111111
Roger Whelan,2.5,41.66,0.0833333,0.0
Tinashe Panyangara,6.63,51.61,0.049676,0.0
Thinus Fourie,21.0,82.35,0.0980392,0.0
Steve Harmison,8.27,64.53,0.0517241,0.0
Kalpesh Patel,1.0,25.0,0.0,0.0
Runish Gudhka,17.0,121.42,0.0714286,0.0
Younis Khan,31.24,75.29,2.39245,0.207547
Roy Lamsam,12.0,51.06,0.0851064,0.0
Lakshmipathy Balaji,12.0,78.94,0.366667,0.0
Neil Broom,26.94,81.22,0.0775194,0.153846
Ramesh David,27.33,48.23,0.0588235,0.0
Stephan Myburgh,24.5,86.72,3.38462,0.153846
Harry Gurney,7.5,45.45,0.1,0.0
Brenton Parchment,17.42,56.22,2.42857,0.0
John Hastings,27.1,99.26,1.27586,0.0344828
Upul Tharanga,33.74,75.92,3.61702,0.221277
Sachithra Senanayake,13.18,93.24,0.755102,0.0
Kithuruwan Vithanage,15.0,83.33,1.83333,0.0
Imran Farhat,30.69,69.06,3.55172,0.241379
Zulqarnain Haider,24.0,70.58,0.0441176,0.0
Noor-ul-Haq,6.0,20.68,0.0,0.0
Gareth Hopkins,14.75,75.88,0.0675241,0.0
Luuk van Troost,15.77,62.28,1.43478,0.0
Ashif Mulla,20.08,81.0,0.10084,0.0416667
Brendon McCullum,30.41,96.37,0.123099,0.142308
Chandrapaul Hemraj,13.66,83.67,0.153061,0.0
Gary Wilson,23.81,71.94,0.0697917,0.12381
Tim Gruijters,22.66,58.62,1.4,0.0
Deepak Chahar,12.0,85.71,1.0,0.0
George Dockrell,16.54,69.34,0.057485,0.0229885
Craig Kieswetter,30.11,89.93,0.117747,0.130435
William Porterfield,31.19,69.47,0.0773277,0.210526
Tarisai Musakanda,21.71,79.58,0.0890052,0.0666667
Tafadzwa Mufambisi,9.16,61.11,0.0666667,0.0
Sohail Khan,5.0,49.01,0.0392157,0.0
Yuzvendra Chahal,8.5,50.74,0.0746269,0.0
Sanath Jayasuriya,32.36,91.2,3.97753,0.21573
Royston Crandon,5.0,55.55,1.0,0.0
Yuvraj Singh,36.55,87.67,0.107114,0.217105
Garnett Kruger,0.0,0.0,0.0,0.0
Dinesh Mongia,27.95,71.47,2.2807,0.0877193
Shaun Marsh,41.62,81.48,3.95775,0.309859
Josclyn Pitcher,6.66,71.42,0.107143,0.0
Daren Powell,5.36,71.95,0.163636,0.0
Courtney Kruger,1.5,15.0,0.0,0.0
Kumar Sangakkara,41.98,78.86,0.0816157,0.292079
Michael Carberry,19.0,63.33,0.0777778,0.166667
Monde Zondeki,4.0,80.0,0.0,0.0
Jacques Rudolph,35.57,68.05,0.066087,0.155556
James Franklin,23.96,76.92,0.0690491,0.0363636
Bhuvneshwar Kumar,15.38,75.03,0.495238,0.00952381
James Vince,28.12,90.72,0.133065,0.1
Gautam Gambhir,39.68,85.25,0.0940755,0.306122
Edgar Schiferli,10.06,73.85,0.105505,0.0
Adam Gilchrist,35.89,96.94,0.132131,0.247387
Jake Ball,9.5,77.55,0.122449,0.0
Gregor Maiden,21.0,63.15,0.0451128,0.0
Nazimuddin,13.36,62.02,0.0843882,0.0
Fidel Edwards,9.12,45.62,0.03125,0.0
Anthony Ireland,3.75,29.7,0.019802,0.0
Hamid Hassan,7.07,53.8,0.0643275,0.0
Mohammad Saifuddin,29.16,70.0,1.07692,0.0769231
Adam Voges,45.78,87.17,2.29032,0.16129
Kyle Christie,0.0,0.0,0.0,0.0
Daniel Christian,21.0,88.92,0.0846906,0.0
Daniel Flynn,15.2,63.33,0.0694444,0.0
Joe Burns,24.33,79.34,0.0923913,0.166667
Michael Lumb,55.0,81.28,5.0,0.333333
Russel Arnold,35.26,72.57,1.69444,0.161111
Ben Cutting,26.5,79.1,0.0746269,0.0
Rohit Sharma,47.39,87.95,0.100692,0.305825
James Marshall,25.0,79.87,0.0734824,0.2
Jon Lewis,8.33,79.36,0.0634921,0.0
Andrew Tye,14.25,118.75,1.0,0.0
Sam Heazlett,4.0,36.36,0.0,0.0
Dhammika Prasad,21.5,88.35,0.0821918,0.0
Ravi Shah,27.88,65.53,3.39286,0.232143
Jos Buttler,41.54,119.57,0.140874,0.198473
Chamara Kapugedera,21.09,72.04,1.42157,0.0784314
Virat Kohli,59.57,92.96,0.097308,0.396476
Imran Tahir,8.11,69.85,0.105263,0.0
Wanindu Hasaranga,10.5,88.73,0.0985916,0.0
Prabath Jayasuriya,11.0,84.61,0.0769231,0.0
Abdool Samad,29.6,70.81,0.0755981,0.111111
Mohammad Nabi,29.12,87.36,0.082912,0.125
Karim Sadiq,23.75,80.91,0.109029,0.0833333
Vishwa Fernando,15.0,49.18,0.375,0.0
Kedar Jadhav,43.48,102.53,2.38983,0.118644
Peter Connell,20.0,54.79,0.0958904,0.0
Albert van der Merwe,3.75,60.0,0.04,0.0
Chamara Silva,28.85,70.4,1.98667,0.186667
Salman Faris,14.33,54.43,1.66667,0.0
Scott McKechnie,15.42,55.95,0.0362694,0.0
Chris Foggo,26.5,60.91,1.5,0.25
Rakep Patel,20.03,63.49,0.0644172,0.0512821
Mohammad Nawaz,22.11,93.42,1.28571,0.0714286
Tanbir Hayder,2.5,31.25,0.0,0.0
Tim Seifert,16.5,122.22,0.111111,0.0
Najmul Hossain Shanto,6.66,44.44,0.0,0.0
Richie Berrington,27.16,72.41,2.01408,0.169014
Vijay Shankar,33.0,96.49,2.0,0.0
Oliver Pitcher,14.4,33.17,0.0184332,0.0
Sohrawordi Shuvo,14.0,72.59,0.0740741,0.0
Cephas Zhuwao,17.11,116.66,3.0,0.0
Alasdair Evans,11.87,65.97,0.0694444,0.0
Rahul Sharma,1.0,50.0,0.0,0.0
Jonathan Carter,23.24,70.68,0.0705596,0.0909091
Venugopal Rao,24.22,60.05,0.0523416,0.0625
Glenn McGrath,3.83,48.72,0.029661,0.0
Mohammad Kaif,32.01,72.03,0.0620094,0.152
John Reva,10.33,74.69,0.888889,0.0
Sunil Dhaniram,24.72,81.26,0.0843695,0.136364
Billy Stanlake,1.33,14.28,0.0,0.0
Kyle McCallan,20.05,86.15,0.974359,0.025641
Tendai Chisoro,14.88,61.46,0.611111,0.0
Scott Styris,32.48,79.41,0.0745793,0.170213
Nizakat Khan,33.75,82.92,0.108108,0.15
Mitchell Santner,27.53,89.58,0.0889371,0.0338983
Martin Guptill,43.51,87.44,0.111337,0.295858
Kaushalya Weeraratne,20.0,90.39,0.866667,0.0
Tillakaratne Dilshan,39.27,86.23,0.0977122,0.209091
Boeta Dippenaar,42.23,67.78,0.0693481,0.280374
Andre Nel,12.7,76.5,0.10241,0.0
Kieron Pollard,25.71,92.89,0.10349,0.118812
Calum MacLeod,38.31,84.33,3.81356,0.237288
Peter Moor,21.64,68.11,0.0637755,0.0869565
Taskin Ahmed,4.1,41.41,0.0625,0.0
David Warner,43.43,96.55,4.9434,0.292453
Taijul Islam,10.5,52.5,0.05,0.0
Ian Blackwell,14.92,86.66,0.101075,0.0294118
Bilal Asif,13.33,81.63,2.33333,0.0
Jubair Hossain,5.0,55.55,0.111111,0.0
Jeroen Smits,16.9,46.94,0.0277778,0.0
Khaliq Dad,13.33,57.97,0.0144928,0.0
Aizaz Cheema,8.66,57.77,0.142857,0.0
Dilhara Fernando,9.19,60.96,0.0535714,0.0
Rory Kleinveldt,15.0,84.67,0.112903,0.0
Siddarth Kaul,0.5,33.33,0.0,0.0
Dewald Nel,15.5,57.4,0.037037,0.0
Hashim Amla,49.74,89.22,0.0968979,0.367816
Brad Wheal,4.0,51.61,0.230769,0.0
Eddie Richardson,12.0,66.66,0.111111,0.0
Imrul Kayes,32.02,71.1,3.52564,0.25641
Andrew Ellis,14.0,83.69,0.0652174,0.0
Reinhardt Strydom,13.83,53.54,1.0,0.0
Eric Szwarczynski,29.78,68.23,2.70732,0.243902
Alex Cusack,22.57,64.27,0.0543572,0.0338983
Nelson Odhiambo,9.33,46.28,0.375,0.0
Pieter Seelaar,9.46,53.71,0.25641,0.0
Vusi Sibanda,24.54,63.48,0.076972,0.181102
Dhananjaya de Silva,25.48,77.56,0.0879369,0.121212
Dolar Mahmud,15.25,138.63,0.204545,0.0
Harbhajan Singh,13.3,81.06,0.538136,0.0
Kusal Perera,29.26,90.77,0.116501,0.170455
Peter Ingram,27.57,81.09,0.12605,0.125
Doug Bracewell,15.8,73.83,0.0654206,0.0526316
James Ngoche,5.0,41.17,0.0235294,0.0
Asghar Afghan,23.88,64.75,0.0601433,0.117647
Tendai Chatara,6.62,48.62,0.0458716,0.0
Navdeep Poonia,11.28,62.86,1.57143,0.047619
Geoff Barnett,20.68,61.07,0.0738255,0.0454545
Ziaur Rahman,11.27,112.72,0.172727,0.0
Simi Singh,14.84,58.13,0.0481928,0.0
Chirag Suri,17.81,51.17,0.0496084,0.0909091
Nathan Hauritz,22.4,96.27,0.5,0.0172414
Asela Gunaratne,27.38,79.41,0.0773481,0.0645161
Mohammad Asif,3.77,34.0,0.0526316,0.0
James Taylor,42.23,80.12,0.0731707,0.296296
Ed Rainsford,5.5,41.04,0.0223881,0.0
Tinotenda Mutombodzi,12.44,70.0,0.0625,0.0
Shamsur Rahman,26.6,76.0,0.0914286,0.2
Rahul Dravid,39.16,71.24,0.0649045,0.276163
Grant Elliott,34.06,81.78,0.0740894,0.156627
Lahiru Gamage,2.0,14.81,0.0,0.0
Sam Billings,22.58,90.93,0.104027,0.133333
Mohammad Tauqir,13.57,57.92,1.09091,0.0909091
Jesse Ryder,33.21,95.31,0.13296,0.1875
Seekkuge Prasanna,12.38,94.6,1.375,0.05
Kyle Mills,15.62,81.66,0.0889236,0.0117647
Darren Sammy,24.94,100.05,0.12246,0.0714286
Robin Uthappa,25.94,90.59,2.73913,0.130435
Umar Gul,9.72,71.18,0.0778816,0.0
Anamul Haque,30.52,70.9,0.0819672,0.162162
Ben Cooper,29.0,120.83,3.0,0.166667
Durand Soraine,3.5,70.0,0.25,0.0
Fahad Alhashmi,0.0,0.0,0.0,0.0
Stuart Poynter,13.21,66.54,0.0539568,0.0
Daniel Morgan,1.0,18.18,0.0,0.0
Taufeeq Umar,24.0,56.31,2.40909,0.136364
Chris Gayle,38.16,87.14,4.86851,0.262976
Travis Head,34.4,90.02,3.59524,0.261905
Scott Edwards,13.5,79.41,0.0588235,0.0
Parthiv Patel,23.74,76.5,0.0893971,0.105263
Shai Hope,51.06,76.35,0.0720353,0.296296
Brijal Patel,16.36,48.91,1.51613,0.0
Shannon Gabriel,3.5,39.62,0.0188679,0.0
Manzarul Islam,20.68,49.55,0.0329341,0.04
Ross Taylor,48.34,83.37,0.0834199,0.307339
Joginder Sharma,35.0,116.66,0.166667,0.0
Rishabh Pant,23.25,130.98,0.183099,0.0
Shadeep Silva,7.0,53.84,0.0,0.0
Michael Vaughan,27.15,68.39,0.0748792,0.186047
Shawn Findlay,20.85,75.25,0.0979381,0.111111
Mohammad Sami,11.62,64.08,0.298851,0.0
Johan van der Wath,14.83,127.14,0.157143,0.0
Shabir Noori,19.1,63.66,0.08,0.1
Stuart Broad,12.3,74.61,0.0634697,0.0
Ben Stokes,37.57,94.1,0.103141,0.214286
Saqib Ali,21.0,65.11,0.0697674,0.0
Jacques Kallis,44.36,72.89,0.0659742,0.314024
Gordon Goudie,10.0,80.8,0.111111,0.0
Imam-ul-Haq,60.3,81.58,0.0688235,0.392857
Ian Billcliff,27.84,66.7,0.0643127,0.210526
Khaled Mahmud,14.36,67.83,0.0663929,0.012987
Chris Tremlett,7.14,56.17,0.0449438,0.0
Najibullah Zadran,30.23,90.39,0.106762,0.178571
Liton Das,21.62,82.95,2.60714,0.107143
Ghulam Shabber,21.73,62.5,0.065,0.173913
Ryan Watson,30.83,74.33,3.17143,0.2
Stuart Binny,28.75,93.49,0.113821,0.0714286
Darren Ramsammy,0.0,0.0,0.0,0.0
Yasir Shah,18.14,85.23,0.0671141,0.0
Kyle Hope,23.0,71.87,2.85714,0.0
Aamer Yamin,95.0,98.95,3.25,0.25
Shardul Thakur,22.0,137.5,0.4,0.0
Mohammad Shahzad,34.43,88.68,0.122921,0.243902
Loots Bosman,25.08,98.68,0.15082,0.142857
Rob Taylor,14.0,89.53,0.933333,0.0
Elias Sunny,1.0,18.18,0.0,0.0
Anil Kumble,10.53,61.06,0.232472,0.0
Ashfaq Ahmed,21.5,88.88,0.121447,0.125
Mitchell Marsh,35.7,93.08,2.96226,0.226415
Nadeem Ahmed,5.58,44.37,0.0331126,0.0
Steven Welsh,20.5,52.56,0.0769231,0.0
Saeed Ajmal,7.04,60.56,0.221239,0.0
Karl Whatham,18.0,43.9,2.0,0.0
Nasir Jamshed,31.51,75.38,3.52083,0.229167
Jermaine Blackwood,5.5,47.82,0.0434783,0.0
Jack Vare,10.12,73.63,0.0454545,0.0
Alzarri Joseph,34.66,85.95,0.0826446,0.0
Joe Denly,26.63,65.54,0.0738255,0.153846
Azeem Pitcher,9.0,40.44,0.0337079,0.0
Faheem Ashraf,12.46,83.07,0.0974359,0.0
Shane Bond,16.22,76.04,0.0729167,0.0
Kevin Hurdle,10.62,84.15,0.526316,0.0
Andrew Symonds,39.75,92.44,0.100291,0.181818
Zahoor Khan,6.85,65.75,0.109589,0.0
Chris Douglas,61.0,55.96,0.0688073,1.0
Dasun Shanaka,21.8,114.33,2.31579,0.105263
Phil Mustard,23.3,92.46,0.130952,0.1
Saqlain Haider,14.5,75.32,0.0909091,0.0
Shehan Jayasuriya,13.83,54.96,0.555556,0.0
Saad Nasim,49.5,79.83,0.0806452,0.333333
Lahiru Kumara,8.0,43.24,0.0540541,0.0
Ravi Rampaul,12.48,76.69,0.5,0.0108696
Desmond Chumney,20.89,66.72,0.0638655,0.0
Nitish Kumar,15.5,54.65,0.0453401,0.0
Kane Williamson,45.9,82.61,0.0825524,0.345324
Josh Hazlewood,18.5,64.91,0.136364,0.0
Arshad Khan,12.09,61.29,0.0322581,0.0
Stuart Clark,13.8,78.4,0.0795455,0.0
Atse Buurman,15.55,78.21,0.0837989,0.0
Abdur Rehman,8.35,53.99,0.0456274,0.0
Gordon Drummond,18.46,91.6,0.833333,0.0
Dwayne Leverock,11.1,29.05,0.15625,0.0
Aizaz Khan,20.0,69.51,0.0641711,0.0
Neil Carter,0.0,0.0,0.0,0.0
Sagar Pun,3.0,15.0,0.0,0.0
Ravi Bopara,30.62,77.84,0.0687464,0.125
Lameck Onyango,13.09,76.59,0.0851064,0.0
Steven Smith,41.84,86.35,2.96296,0.25
Chris Jordan,12.07,89.89,0.0904255,0.0
Malhar Patel,13.33,42.1,0.0315789,0.0
Anil Sah,12.5,71.42,0.114286,0.0
George O'Brien,5.42,70.37,0.0925926,0.0
Maurits Jonkman,10.0,39.21,0.0392157,0.0
Wahab Riaz,13.69,82.37,0.848101,0.0253165
Axar Patel,12.92,95.26,0.421053,0.0
Wilfred Diepeveen,6.0,85.71,0.142857,0.0
Jacobi Robinson,13.5,67.5,0.075,0.0
Aman Ali,0.0,0.0,0.0,0.0
Arafat Sunny,12.0,52.17,0.0543478,0.0
Preston Mommsen,30.97,69.04,2.29545,0.181818
Timm van der Gugten,2.0,66.66,0.0,0.0
Stuart Whittingham,6.0,66.66,0.0,0.0
Ronsford Beaton,15.0,29.41,1.0,0.0
Amjad Ali,30.58,76.47,4.29412,0.176471
Ross Lyons,22.5,61.22,0.32,0.0
Cheteshwar Pujara,10.2,39.23,0.8,0.0
Hamish Marshall,27.43,73.06,0.0532663,0.19697
Matt Henry,19.3,103.76,0.139785,0.0
Assad Vala,20.15,62.68,0.0589198,0.105263
Mohsin Mulla,1.0,9.09,0.0,0.0
Abdur Razzak,13.43,76.37,0.0745098,0.00653595
Kiplin Doriga,34.75,69.15,2.16667,0.166667
Colin Smith,19.63,67.5,1.92593,0.0740741
Enamul Haque jnr,3.0,63.15,0.0,0.0
Keegan Meth,13.25,57.92,0.0601093,0.0909091
Rodney Trott,21.66,52.2,0.818182,0.0
Graham Manou,7.0,116.66,0.0,0.0
Basant Regmi,3.25,27.65,0.0425532,0.0
Clay Smith,16.0,78.36,0.134694,0.0833333
Lasith Malinga,7.05,75.65,0.293578,0.00458716
Ehsan Adil,9.0,64.28,0.333333,0.0
Aaron Redmond,25.33,58.68,0.0733591,0.166667
Dean Minors,26.55,60.42,3.25,0.15
Rajin Saleh,23.92,54.82,0.0529187,0.162791
Alex Carey,30.64,83.46,0.0836576,0.0526316
Gavin Tonge,5.0,62.5,0.0625,0.0
Marc Petrie,1.5,16.66,0.0,0.0
Sreesanth,4.0,36.36,0.0165289,0.0
Ashan Priyanjan,23.33,80.45,0.0957854,0.0869565
Ian Bell,37.87,77.16,0.079356,0.242236
Chamu Chibhabha,23.65,63.13,0.0634249,0.15534
Dougie Brown,17.72,66.32,1.2,0.04
Michael Swart,19.7,72.42,2.0,0.0833333
Daan van Bunge,21.1,66.42,0.0755509,0.0810811
Matthew Hayden,43.8,78.96,0.0930861,0.285714
Dean Brownlie,25.78,74.27,0.0967078,0.0625
Ruaidhri Smith,10.0,166.66,0.333333,0.0
Hasantha Fernando,21.5,59.72,0.0694444,0.0
Jekon Edness,28.0,62.53,0.0620347,0.0909091
Gyanendra Malla,23.83,75.66,0.100529,0.166667
Haseeb Amjad,22.4,131.76,2.28571,0.0
James Faulkner,34.4,104.24,1.62319,0.0724638
Bas Zuiderent,23.84,58.56,0.0539242,0.140351
Irfan Ahmed,16.5,79.2,0.136,0.0
Noor Ali Zadran,25.06,63.35,0.0697802,0.166667
Mohammad Yousuf,41.71,75.1,3.03819,0.274306
Blessing Muzarabani,2.0,17.97,0.0224719,0.0
Andy Blignaut,18.96,106.28,0.127334,0.0925926
Bernard Loots,5.33,59.25,0.0740741,0.0
Shreyas Iyer,42.0,96.33,4.16667,0.333333
Wasim Jaffer,5.0,43.47,1.0,0.0
Regan West,30.5,148.78,0.9,0.0
Sandeep Jyoti,22.0,59.72,0.0429864,0.0714286
Sewnarine Chattergoon,24.66,60.16,0.0926829,0.111111
Shafiqullah,22.63,105.39,2.125,0.0833333
Adrian Barath,30.3,64.37,0.0751634,0.142857
Shehan Madushanka,7.0,116.66,1.0,0.0
Swapnil Patil,26.3,65.09,1.84615,0.153846
Ahmed Shah,2.0,20.0,0.0,0.0
Michael Jones,38.8,71.58,3.4,0.4
Tino Best,9.5,60.8,0.269231,0.0
Paras Khadka,39.16,82.16,0.111888,0.333333
Hussain Butt,4.0,28.57,0.0,0.0
Nicky Boje,26.67,88.7,0.0928482,0.0521739
Shoaib Malik,35.0,81.91,2.52113,0.18662
Peter Fulton,32.53,72.77,0.0714675,0.183673
Geraint Jones,24.62,77.17,0.0787825,0.0784314
Aftab Shamsudeen,3.0,10.71,0.0,0.0
Tim Ambrose,2.5,29.41,0.0,0.0
Chad Soper,15.63,54.08,0.0283019,0.0
RP Singh,10.4,42.97,0.0247934,0.0
John Blain,14.94,54.93,0.0425532,0.0
Kenny Carroll,11.66,55.55,0.0396825,0.0
Tim de Leede,16.66,63.69,1.51724,0.0689655
Stuart Matsikenyeri,22.01,72.39,0.0738932,0.115044
Indika Batuwitarachchi,7.0,29.16,0.0,0.0
Chris Mpofu,2.3,23.23,0.00505051,0.0
Jahurul Islam,22.5,72.77,0.0727763,0.0714286
Qadeer Ahmed,4.5,29.03,0.0322581,0.0
Vikrant Shetty,8.0,55.17,0.5,0.0
Graeme Cremer,14.58,62.2,0.0443144,0.0104167
Oronde Bascome,10.83,44.82,1.0,0.0
Niall O'Brien,28.05,70.94,0.0681693,0.184466
Charles Coventry,24.44,88.68,0.0971185,0.102564
Ramesh Powar,11.64,62.69,0.0538462,0.0322581
Graeme Swann,13.88,90.41,0.0940325,0.0
Sam Curran,8.5,58.62,1.0,0.0
Munaf Patel,6.72,66.07,0.114286,0.0
Monty Panesar,5.2,28.57,0.021978,0.0
Ian Stanger,10.0,33.33,0.00666667,0.0
Mahela Udawatte,28.55,67.1,3.11111,0.222222
Francis Otieno,4.0,23.52,0.0,0.0
Nazmul Islam,7.0,53.84,0.0,0.0
Luke Woodcock,14.0,63.63,0.0454545,0.0
Nelon Pascal,0.0,0.0,0.0,0.0
Vinay Kumar,9.55,58.9,0.0479452,0.0
Ashwell Prince,35.1,67.77,0.0539281,0.0576923
Stephen Fleming,32.4,71.49,0.0788116,0.203571
Mitchell Johnson,16.11,96.35,0.679739,0.0130719
Todd Astle,26.33,102.59,0.0909091,0.0
Khaya Zondo,35.5,63.39,0.0491071,0.2
Paul Collingwood,35.36,76.98,0.0663744,0.15736
Thilan Thushara,18.66,92.45,1.07895,0.0263158
Tom de Grooth,17.14,62.01,0.0620155,0.0294118
Brett Lee,17.81,83.58,0.470588,0.0135747
Abhimanyu Mithun,17.0,92.72,0.109091,0.0
Sir Alastair Cook,36.4,77.13,0.089793,0.26087
Fraser Watts,28.64,62.47,2.41667,0.277778
Kamran Shazad,11.0,88.0,0.5,0.0
Wriddhiman Saha,13.66,73.21,0.0892857,0.0
Sean Abbott,3.0,42.85,0.0,0.0
Khalid Latif,29.4,64.47,0.0570175,0.2
Jimmy Kamande,17.29,62.61,0.0635015,0.0348837
Tabarak Dar,25.25,57.71,3.25,0.0
Alei Nao,42.5,106.25,0.1,0.0
Mehrab Hossain jnr,17.25,42.99,0.0373832,0.0555556
Muttiah Muralitharan,6.8,77.56,0.177143,0.0
Floyd Reifer,14.62,51.09,0.0524017,0.0
Forster Mutizwa,31.0,80.27,0.0776892,0.235294
Michael Bates,13.0,130.0,0.2,0.0
Runako Morton,33.75,66.36,2.46429,0.214286
Tom Cooper,48.8,70.16,0.061826,0.391304
Niroshan Dickwella,32.72,93.56,3.73077,0.211538
Peter Siddle,10.33,103.33,0.0666667,0.0
Tabraiz Shamsi,0.0,0.0,0.0,0.0
Tarun Nethula,6.0,109.09,0.0909091,0.0
Mohammad Shahzad,31.66,84.44,0.115556,0.333333
Dwaine Pretorius,18.85,94.96,0.0935252,0.0526316
Jeremy Bray,28.64,67.5,3.33333,0.133333
Brian Vitori,7.81,95.55,0.133333,0.0
Ryan Haire,28.0,77.77,0.111111,0.5
Alex Obanda,30.37,74.03,3.38776,0.183673
Dushmantha Chameera,13.28,62.0,0.304348,0.0
Mohit Sharma,7.75,46.96,0.192308,0.0
Ian Butler,10.5,54.54,0.0519481,0.0
Cameron White,33.96,80.12,2.08791,0.142857
Rayyan Pathan,2.0,22.22,0.0,0.0
Rusty Theron,5.0,100.0,0.0,0.0
Peter Ongondo,9.09,62.96,0.0547504,0.0
Pragyan Ojha,23.0,41.07,0.0267857,0.0
Alex Hales,37.79,95.72,0.129007,0.285714
Chris Lynn,18.75,84.26,0.0898876,0.0
Hazratullah Zazai,22.87,92.89,3.5,0.125
Chaminda Vaas,13.68,72.42,0.462733,0.00310559
Thilan Samaraweera,27.8,69.29,1.43396,0.0377358
Karan KC,5.25,91.3,0.130435,0.0
Khurram Khan,41.57,80.27,3.8125,0.25
Paul Hitchcock,10.25,67.21,0.0655738,0.0
Johann Louw,23.0,328.57,0.571429,0.0
Brian Chari,13.63,45.18,0.0271084,0.0
Mluleki Nkala,10.8,61.59,0.52,0.0
Babar Hayat,39.2,78.47,0.0960961,0.363636
Roger Telemachus,6.08,77.65,0.0744681,0.0
Malinda Warnapura,11.66,46.05,0.0657895,0.0
Raqibul Hasan,27.82,61.32,0.0515706,0.145455
Dilshan Munaweera,7.5,51.72,0.0689655,0.0
Ryan Flannigan,0.0,0.0,0.0,0.0
Damien Martyn,40.8,77.73,0.0673259,0.201923
Misbah-ul-Haq,43.4,73.75,2.62346,0.259259
Ahmed Shehzad,32.56,72.08,0.0794134,0.246914
Mark Chapman,40.0,91.95,3.0,0.2
Deighton Butler,25.0,73.52,0.117647,0.0
Shikhar Dhawan,44.62,93.79,0.128394,0.335938
Andrew Poynter,19.61,61.89,0.0582524,0.105263
Adeel Raja,2.8,20.14,0.0143885,0.0
Andrew Puttick,0.0,0.0,0.0,0.0
Andy McKay,4.0,25.53,0.0,0.0
James Celestine,7.5,44.44,0.0666667,0.0
Rovman Powell,23.92,83.12,0.0880893,0.0882353
Sandeep Lamichhane,10.0,57.97,0.0289855,0.0
Yodhin Punja,1.0,16.66,0.0,0.0
Sourav Ganguly,41.02,73.7,4.21865,0.302251
Mujeeb Ur Rahman,5.85,87.23,0.12766,0.0
Reece Topley,7.0,17.5,0.0,0.0
Ryan Harris,8.0,100.0,0.0833333,0.0
Wellington Masakadza,5.88,42.4,0.294118,0.0
Subash Khakurel,34.5,53.07,3.0,0.5
Mohammad Kashif,0.33,5.88,0.0,0.0
MS Dhoni,50.72,87.55,3.02053,0.237537
Ryan ten Doeschate,67.0,87.7,0.0904952,0.424242
David Murphy,11.6,49.15,0.0254237,0.0
Suresh Raina,35.31,93.5,2.63717,0.181416
Dipendra Singh Airee,18.0,68.35,0.0632911,0.0
Kinchit Shah,15.11,57.14,0.0588235,0.0
Chris Sole,3.2,44.44,0.0277778,0.0
Miguel Cummins,5.0,37.03,0.0909091,0.0
Malinda Pushpakumara,5.5,42.3,0.0384615,0.0
Rahat Ali,2.66,21.62,0.0,0.0
Zulfiqar Babar,17.5,87.5,0.075,0.0
Ehsan Khan,11.33,44.73,0.0350877,0.0
Dimuth Karunaratne,20.53,73.35,1.16667,0.111111
Glenn Maxwell,33.33,121.95,3.57,0.2
Zeeshan Siddiqi,25.0,45.04,0.036036,0.0
Jonny Bairstow,47.53,107.03,0.142463,0.253968
Qaiser Ali,15.25,63.7,0.078329,0.117647
Christopher Carter,12.66,61.29,0.0860215,0.0
Gareth Batty,5.0,41.09,0.1,0.0
Michael Neser,4.0,50.0,0.0,0.0
Inzamam-ul-Haq,39.52,74.24,2.94974,0.246032
Kenneth Kamyuka,2.0,100.0,0.0,0.0
Scott Boland,3.0,40.9,0.0,0.0
Shanan Stewart,6.5,44.06,0.0338983,0.0
Narsingh Deonarine,26.23,68.95,0.0667341,0.129032
Yasir Arafat,14.8,67.27,0.0727273,0.0
Ollie Hairs,13.6,68.0,0.13,0.0
Raza-ur-Rehman,45.0,85.87,0.114504,0.5
Mark Jonkman,11.8,74.68,0.0759494,0.0
Dale Steyn,9.35,64.94,0.0782918,0.008
Alfred Luseno,17.0,68.0,0.4,0.0
Ben Hilfenhaus,9.66,42.02,0.08,0.0
Corey Collymore,5.77,39.84,0.0268199,0.0
Colin Munro,24.91,105.52,0.142726,0.137255
Afzaal Haider,7.33,42.3,1.0,0.0
Zahid Hussain,9.0,29.03,0.0322581,0.0
Jason Roy,40.8,106.29,0.142909,0.289474
Chadwick Walton,6.62,61.62,0.0813954,0.0
Umair Ali,10.0,66.66,0.0333333,0.0
Rory McCann,11.0,57.14,0.038961,0.0
Raza Hasan,0.0,0.0,0.0,0.0
Darren Gough,12.42,64.3,0.0506864,0.0
Andre Adams,17.45,100.47,0.117506,0.0
Dinesh Karthik,31.03,73.7,0.0801527,0.0989011
Terry Duffin,23.73,54.98,0.0574018,0.130435
Bradley Kruger,10.66,64.0,0.06,0.0
Henry Osinde,4.26,49.23,0.0384615,0.0
Kamran Akmal,26.09,83.94,2.64331,0.0955414
Khaleel Ahmed,4.5,52.94,0.0588235,0.0
Tom Latham,33.73,83.15,0.0826389,0.211765
David Hussey,32.65,90.7,2.31884,0.217391
Kabir Ali,15.5,86.11,0.0833333,0.0
Rawl Lewis,18.18,79.29,0.0653951,0.0
Thisara Perera,20.44,112.29,1.59091,0.0714286
Sami Faridi,9.5,61.29,0.0322581,0.0
Devon Thomas,14.0,65.38,0.0576923,0.0
Robin Peterson,20.59,80.81,0.0813954,0.0126582
John Mooney,23.48,79.25,0.0872428,0.046875
Stuart Thompson,16.28,90.83,0.10757,0.0
